{
	"description": "项目配置文件。",
	"setting": {
		"urlCheck": true,
		"es6": true,
		"postcss": true,
		"minified": true,
		"newFeature": true
	},
	"compileType": "miniprogram",
	"libVersion": "1.5.4",
	"appid": "wxb75642b42cc5707f",
	"projectname": "social-security",
	"simulatorType": "wechat",
	"simulatorPluginLibVersion": {},
	"condition": {
		"search": {
			"current": -1,
			"list": []
		},
		"conversation": {
			"current": -1,
			"list": []
		},
		"plugin": {
			"current": -1,
			"list": []
		},
		"game": {
			"list": []
		},
		"miniprogram": {
			"current": 1,
			"list": [
				{
					"id": 0,
					"name": "other",
					"pathName": "pages/index/deliverlist",
					"query": "",
					"scene": null
				},
				{
					"id": 1,
					"name": "other",
					"pathName": "pages/index/resumeEdit",
					"query": "resumeId=oVI_i5PmzL3GrnF_S9EtZVxC1QaM",
					"scene": null
				}
			]
		}
	}
}